name,cuisine,diet,meal_type,difficulty,cooking_time,calories,ingredients,instructions
Paneer Tikka,Indian,Vegetarian,Snack,Medium,35,320,"paneer, yogurt, capsicum, onion, spices","Cut paneer into cubes. Mix yogurt, spices, and salt to prepare the marinade. Add paneer, capsicum, and onion and coat well. Marinate for 20 minutes. Grill or pan-fry until golden and slightly charred. Serve hot with chutney."
Veg Biryani,Indian,Vegetarian,Lunch,Medium,50,450,"basmati rice, carrot, beans, peas, onion, spices","Wash and soak basmati rice. Cook vegetables with onion and spices. Add soaked rice and water. Cook until the rice is tender and fluffy. Let it rest for a few minutes and serve hot with raita."
Chicken Biryani,Indian,Non-Vegetarian,Lunch,Hard,60,650,"chicken, basmati rice, onion, tomato, yogurt, spices","Marinate chicken with yogurt, spices, ginger, garlic, and salt. Cook the chicken with onions and tomatoes. Prepare partially cooked basmati rice. Layer the rice over the chicken and cook on low heat until completely done. Mix gently and serve hot."
Pasta Alfredo,Italian,Vegetarian,Dinner,Easy,30,550,"pasta, cream, butter, garlic, parmesan cheese, pepper","Boil pasta until tender and drain. Melt butter in a pan and sauté garlic. Add cream and parmesan cheese and stir until creamy. Add cooked pasta and mix well. Season with pepper and serve hot."
Chicken Pasta,Italian,Non-Vegetarian,Dinner,Medium,40,600,"pasta, chicken, tomato, onion, garlic, spices","Boil pasta and keep aside. Cook chopped chicken with spices until done. Sauté onion, garlic, and tomato in another pan. Add chicken and pasta and mix everything well. Cook for a few minutes and serve hot."
Veg Fried Rice,Chinese,Vegetarian,Lunch,Easy,25,400,"rice, carrot, beans, capsicum, spring onion, soy sauce","Cook and cool the rice. Heat oil in a pan and stir-fry vegetables. Add cooked rice and soy sauce. Mix well on high heat. Add spring onions and serve hot."
Chicken Noodles,Chinese,Non-Vegetarian,Dinner,Medium,30,500,"noodles, chicken, carrot, capsicum, cabbage, soy sauce","Boil noodles and drain. Cook chicken pieces until done. Stir-fry vegetables in a hot pan. Add noodles, chicken, and soy sauce. Toss everything together and cook for a few minutes. Serve hot."
Masala Dosa,Indian,Vegetarian,Breakfast,Medium,40,350,"rice, urad dal, potato, onion, curry leaves, spices","Prepare dosa batter using soaked rice and urad dal. Ferment the batter. Prepare potato masala with onion and spices. Spread batter thinly on a hot pan. Add potato masala, fold the dosa, and serve with chutney and sambar."
Palak Paneer,Indian,Vegetarian,Lunch,Medium,35,380,"paneer, spinach, onion, tomato, cream, spices","Blanch spinach and blend into a smooth puree. Sauté onion, tomato, and spices. Add spinach puree and cook for a few minutes. Add paneer cubes and cream. Simmer gently and serve hot with rice or roti."
Chicken Curry,Indian,Non-Vegetarian,Dinner,Medium,45,550,"chicken, onion, tomato, ginger, garlic, spices","Heat oil and sauté onions until golden. Add ginger, garlic, tomatoes, and spices. Cook until the oil separates. Add chicken pieces and mix well. Add water and cook until the chicken is completely tender. Serve hot with rice or roti."